Employee_ID,Department,Experience_Years,Projects_Completed,Hours_Worked_Per_Week,Tasks_Completed,Attendance_Percent,Performance_Rating,Productivity_Score,Monthly_Salary
EMP1507,DevOps,10.0,5,49.0,76,88.0,3,85.0,80934
EMP1818,Data,2.0,6,48.0,19,86.0,4,97.0,35725
EMP1452,Data,15.0,12,45.0,109,86.0,1,61.0,59695
EMP1368,DevOps,1.0,3,37.0,108,91.0,3,44.0,73570
EMP1242,Development,3.0,17,46.0,66,86.0,1,87.0,61110
EMP1929,Data,8.0,11,57.0,44,74.0,4,62.0,72374
EMP1262,Data,8.0,8,48.0,119,73.0,1,93.0,134321
EMP1810,DevOps,6.0,20,44.0,71,96.0,3,81.0,104380
EMP1318,QA,11.0,9,49.0,60,97.0,1,40.0,144243
EMP1049,DevOps,8.0,18,46.0,94,95.0,5,46.0,104401
EMP1446,Support,13.0,11,53.0,21,86.0,4,57.0,112759
EMP1142,DevOps,0.0,22,33.0,30,73.0,4,94.0,109633
EMP1968,DevOps,5.0,24,56.0,11,89.0,2,60.0,92038
EMP1345,QA,5.0,11,43.0,42,86.0,1,96.0,63729
EMP1971,Data,0.0,24,47.0,110,89.0,3,72.0,41198
EMP1133,Data,5.0,2,43.0,31,82.0,1,84.0,103683
EMP1104,Development,0.0,7,39.0,101,73.0,2,59.0,48600
EMP1006,Support,7.0,5,36.0,46,74.0,2,68.0,52160
EMP1600,Support,9.0,4,56.0,103,96.0,3,66.0,96051
EMP1496,Support,15.0,5,54.0,84,91.0,4,75.0,100148
EMP1702,QA,7.0,19,56.0,10,90.0,2,57.0,50163
EMP1472,QA,2.0,21,30.0,114,86.0,2,46.0,52594
EMP1598,Data,1.0,14,38.0,103,81.0,1,54.0,111322
EMP1502,Data,6.0,1,32.0,54,91.0,4,45.0,30812
EMP1433,Support,9.0,12,38.0,111,72.0,1,84.0,127924
EMP1119,QA,0.0,21,45.0,81,88.0,5,78.0,58980
EMP1108,Support,12.0,9,48.0,16,98.0,1,85.0,110703
EMP1647,Data,12.0,8,42.0,52,95.0,2,95.0,53333
EMP1589,Development,12.0,19,45.0,71,82.0,3,63.0,71762
EMP1374,Development,8.0,2,33.0,114,82.0,3,86.0,64263
EMP1030,Support,13.0,10,60.0,10,100.0,3,43.0,40696
EMP1031,DevOps,3.0,17,43.0,101,79.0,5,90.0,54968
EMP1032,DevOps,5.0,21,48.0,72,78.0,2,60.0,78364
EMP1033,Development,6.0,11,45.0,33,94.0,5,42.0,48345
EMP1034,Support,8.0,22,53.0,108,77.0,1,84.0,76567
EMP1035,Data,0.0,11,42.0,22,95.0,4,47.0,116229
EMP1036,Support,14.0,12,41.0,107,99.0,4,62.0,86607
EMP1037,Data,5.0,24,59.0,20,98.0,3,55.0,44385
EMP1038,Development,6.0,12,55.0,109,79.0,4,52.0,108658
EMP1039,QA,2.0,18,45.0,60,86.0,1,42.0,91900
EMP1040,DevOps,7.0,18,50.0,26,71.0,3,70.0,93244
EMP1041,Development,14.0,22,60.0,108,75.0,2,48.0,90425
EMP1042,DevOps,4.0,13,33.0,91,95.0,4,99.0,103518
EMP1043,QA,14.0,3,48.0,113,74.0,3,53.0,107844
EMP1044,QA,8.0,12,45.0,95,97.0,1,52.0,57919
EMP1045,Development,4.0,7,42.0,33,86.0,5,92.0,115697
EMP1046,QA,8.0,22,33.0,28,78.0,5,96.0,82196
EMP1047,Data,9.0,20,59.0,46,74.0,1,46.0,140600
EMP1048,QA,3.0,22,52.0,112,87.0,1,54.0,125625
EMP1050,DevOps,4.0,11,52.0,17,89.0,3,77.0,25495
EMP1051,DevOps,9.0,17,30.0,37,78.0,5,73.0,69755
EMP1052,DevOps,8.0,5,47.0,14,86.0,1,80.0,92684
EMP1053,Data,2.0,17,60.0,26,96.0,4,61.0,58324
EMP1054,Support,14.0,18,49.0,110,86.0,2,63.0,103929
EMP1055,Development,3.0,21,46.0,45,81.0,4,88.0,26552
EMP1056,DevOps,8.0,4,56.0,28,76.0,4,76.0,76272
EMP1057,QA,9.0,23,57.0,73,96.0,1,83.0,60853
EMP1058,DevOps,10.0,8,56.0,100,72.0,5,40.0,143192
EMP1059,QA,5.0,2,44.0,107,79.0,3,49.0,57924
EMP1060,QA,1.0,9,40.0,20,71.0,4,82.0,99462
EMP1061,DevOps,6.0,18,54.0,63,94.0,5,55.0,121387
EMP1062,Data,1.0,2,57.0,54,72.0,3,85.0,48889
EMP1063,QA,10.0,21,51.0,56,85.0,4,47.0,130466
EMP1064,QA,1.0,14,42.0,21,71.0,3,95.0,79675
EMP1065,DevOps,10.0,0,30.0,30,97.0,5,88.0,147231
EMP1066,QA,0.0,6,46.0,20,93.0,2,64.0,98591
EMP1067,QA,15.0,11,35.0,112,79.0,5,89.0,95190
EMP1068,DevOps,10.0,16,33.0,101,75.0,1,51.0,47634
EMP1069,DevOps,10.0,20,49.0,14,91.0,3,64.0,57363
EMP1070,Development,11.0,23,45.0,90,95.0,2,56.0,88752
EMP1071,Data,10.0,19,44.0,65,80.0,3,99.0,102004
EMP1072,Data,2.0,4,56.0,29,92.0,3,65.0,81398
EMP1073,QA,5.0,3,44.0,50,76.0,4,85.0,123458
EMP1074,Data,7.0,11,35.0,55,96.0,1,87.0,65718
EMP1075,QA,8.0,19,44.0,21,98.0,3,70.0,138627
EMP1076,Development,6.0,23,43.0,79,84.0,5,80.0,107916
EMP1077,DevOps,3.0,17,57.0,26,75.0,5,75.0,51870
EMP1078,DevOps,5.0,16,40.0,28,89.0,4,70.0,62394
EMP1079,DevOps,4.0,18,36.0,35,96.0,1,62.0,77057
EMP1080,Data,7.0,8,38.0,57,78.0,1,82.0,104795
EMP1081,Development,0.0,3,55.0,117,91.0,5,45.0,105409
EMP1082,Data,0.0,20,45.0,117,89.0,2,86.0,38016
EMP1083,Data,12.0,1,34.0,61,81.0,4,44.0,67137
EMP1084,Development,14.0,3,54.0,105,88.0,4,82.0,25153
EMP1085,Development,8.0,1,49.0,79,89.0,5,64.0,32853
EMP1086,Development,5.0,14,58.0,64,72.0,5,57.0,37379
EMP1087,Development,9.0,1,39.0,109,84.0,2,52.0,40792
EMP1088,DevOps,11.0,3,47.0,111,71.0,2,82.0,146169
EMP1089,Support,1.0,5,32.0,84,99.0,1,53.0,63367
EMP1090,Support,4.0,6,42.0,42,90.0,4,67.0,43100
EMP1091,Development,0.0,9,40.0,71,71.0,4,70.0,138089
EMP1092,Support,6.0,18,46.0,97,91.0,5,98.0,88456
EMP1093,Support,0.0,18,59.0,32,72.0,1,99.0,36049
EMP1094,Development,3.0,21,59.0,24,75.0,4,96.0,25786
EMP1095,Support,8.0,11,51.0,36,84.0,1,67.0,94904
EMP1096,Data,0.0,2,45.0,84,96.0,1,90.0,55699
EMP1097,QA,3.0,12,35.0,73,79.0,5,70.0,147784
EMP1098,QA,5.0,17,46.0,90,86.0,1,66.0,72691
EMP1099,Development,5.0,7,56.0,60,70.0,2,71.0,62040
EMP1100,DevOps,11.0,20,42.0,62,85.0,2,86.0,143455
EMP1101,Development,14.0,14,48.0,87,75.0,3,48.0,117990
EMP1102,DevOps,12.0,0,50.0,100,78.0,5,79.0,82986
EMP1103,QA,7.0,2,48.0,91,96.0,3,71.0,63762
EMP1105,Data,6.0,3,32.0,60,96.0,3,67.0,119774
EMP1106,Support,0.0,15,43.0,56,97.0,5,72.0,115777
EMP1107,DevOps,15.0,22,55.0,13,71.0,5,43.0,44810
EMP1109,Support,13.0,11,34.0,118,73.0,4,96.0,112347
EMP1110,Development,6.0,13,58.0,44,70.0,1,73.0,130315
EMP1111,Support,2.0,13,34.0,57,88.0,5,87.0,82204
EMP1112,Data,10.0,1,49.0,82,95.0,3,42.0,45085
EMP1113,Support,7.0,22,46.0,81,94.0,2,65.0,71854
EMP1114,Development,2.0,4,50.0,54,79.0,1,47.0,99797
EMP1115,Data,13.0,4,39.0,90,90.0,5,45.0,109269
EMP1116,QA,15.0,5,34.0,90,86.0,2,55.0,64779
EMP1117,Support,13.0,12,33.0,106,96.0,5,63.0,81207
EMP1118,Development,12.0,8,35.0,105,91.0,2,87.0,119615
EMP1120,QA,12.0,14,33.0,28,85.0,3,69.0,81117
EMP1121,DevOps,12.0,13,59.0,72,90.0,5,84.0,39141
EMP1122,Data,13.0,23,36.0,47,96.0,5,52.0,34344
EMP1123,Support,8.0,6,36.0,76,93.0,1,44.0,130008
EMP1124,Development,7.0,24,47.0,68,91.0,3,64.0,40896
EMP1125,DevOps,2.0,19,32.0,78,73.0,4,59.0,114353
EMP1126,Data,1.0,1,30.0,22,71.0,1,93.0,54813
EMP1127,DevOps,0.0,6,53.0,56,99.0,4,57.0,109431
EMP1128,Data,13.0,5,54.0,119,94.0,2,86.0,90679
EMP1129,Data,2.0,16,33.0,70,82.0,4,70.0,35681
EMP1130,Support,14.0,24,35.0,40,97.0,5,41.0,97903
EMP1131,Data,8.0,24,38.0,89,70.0,4,49.0,28228
EMP1132,DevOps,1.0,1,51.0,105,86.0,1,94.0,29582
EMP1134,Support,11.0,4,57.0,102,73.0,4,89.0,36397
EMP1135,Support,0.0,4,41.0,95,76.0,1,86.0,63799
EMP1136,DevOps,1.0,0,57.0,52,86.0,1,51.0,62011
EMP1137,QA,13.0,7,54.0,76,78.0,4,86.0,104183
EMP1138,QA,5.0,11,60.0,63,73.0,3,52.0,118254
EMP1139,Data,2.0,23,49.0,19,88.0,3,89.0,69264
EMP1140,Development,14.0,3,53.0,51,70.0,2,86.0,67317
EMP1141,Data,3.0,12,54.0,73,79.0,1,96.0,72914
EMP1143,DevOps,7.0,14,50.0,89,78.0,1,50.0,127489
EMP1144,DevOps,12.0,10,59.0,85,82.0,5,58.0,149237
EMP1145,DevOps,6.0,9,53.0,75,83.0,1,74.0,70254
EMP1146,DevOps,6.0,2,41.0,50,79.0,1,78.0,65096
EMP1147,Support,2.0,21,39.0,33,75.0,3,92.0,78785
EMP1148,QA,15.0,13,59.0,44,85.0,4,65.0,77344
EMP1149,DevOps,9.0,15,51.0,65,75.0,1,85.0,139988
EMP1150,Development,9.0,9,57.0,39,86.0,3,53.0,107643
EMP1151,Development,2.0,9,36.0,66,79.0,2,93.0,145382
EMP1152,Development,13.0,11,32.0,103,87.0,3,84.0,93546
EMP1153,Development,1.0,8,52.0,56,96.0,3,83.0,96091
EMP1154,Support,11.0,0,57.0,44,91.0,3,63.0,90603
EMP1155,Development,0.0,4,43.0,28,86.0,1,80.0,53412
EMP1156,DevOps,6.0,19,53.0,17,72.0,1,40.0,135489
EMP1157,Data,6.0,7,39.0,35,89.0,2,90.0,76658
EMP1158,Development,11.0,10,45.0,113,96.0,5,82.0,124841
EMP1159,Support,15.0,11,45.0,80,90.0,5,94.0,74549
EMP1160,Support,1.0,0,51.0,39,100.0,5,61.0,36549
EMP1161,Development,6.0,24,60.0,16,94.0,2,62.0,96216
EMP1162,Data,12.0,21,39.0,76,97.0,5,95.0,50739
EMP1163,Development,7.0,19,54.0,74,84.0,5,70.0,46209
EMP1164,Support,0.0,24,42.0,45,84.0,3,58.0,132051
EMP1165,QA,8.0,10,35.0,34,73.0,1,57.0,112968
EMP1166,DevOps,6.0,4,41.0,46,98.0,1,51.0,40116
EMP1167,Support,2.0,14,38.0,10,96.0,3,94.0,45045
EMP1168,Development,7.0,4,42.0,24,78.0,3,67.0,51327
EMP1169,DevOps,6.0,11,33.0,46,96.0,3,67.0,60709
EMP1170,Development,10.0,4,53.0,22,95.0,1,99.0,68617
EMP1171,Development,14.0,16,40.0,113,88.0,5,98.0,85139
EMP1172,QA,12.0,16,49.0,17,93.0,3,72.0,51905
EMP1173,DevOps,7.0,23,47.0,14,97.0,2,58.0,89148
EMP1174,DevOps,5.0,11,55.0,69,86.0,3,67.0,97603
EMP1175,QA,8.0,23,40.0,82,80.0,4,98.0,123095
EMP1176,Support,14.0,14,54.0,10,94.0,3,91.0,144779
EMP1177,Development,4.0,14,50.0,45,78.0,1,100.0,67919
EMP1178,Data,2.0,5,33.0,44,79.0,3,88.0,108521
EMP1179,Development,2.0,11,47.0,75,87.0,4,76.0,117905
EMP1180,Development,0.0,19,30.0,72,89.0,2,65.0,108400
EMP1181,Support,11.0,17,56.0,113,82.0,5,74.0,113150
EMP1183,QA,7.0,1,35.0,18,76.0,4,74.0,77428
EMP1184,QA,1.0,8,60.0,43,86.0,4,79.0,72894
EMP1185,DevOps,2.0,4,44.0,55,90.0,2,55.0,106149
EMP1186,Data,15.0,19,47.0,87,92.0,1,77.0,31447
EMP1187,Development,7.0,0,53.0,13,84.0,3,52.0,30499
EMP1188,Development,13.0,22,40.0,39,89.0,4,62.0,64041
EMP1189,Support,15.0,2,49.0,104,84.0,2,99.0,56315
EMP1190,QA,7.0,5,53.0,111,100.0,5,93.0,26299
EMP1191,Data,13.0,4,44.0,84,70.0,4,61.0,145506
EMP1192,DevOps,8.0,20,45.0,108,94.0,2,55.0,130005
EMP1193,QA,15.0,4,36.0,81,83.0,1,67.0,29994
EMP1194,DevOps,3.0,0,50.0,12,74.0,1,87.0,120414
EMP1195,Support,3.0,16,39.0,23,80.0,4,74.0,106163
EMP1196,Support,4.0,18,55.0,69,85.0,4,99.0,32489
EMP1197,Development,5.0,13,41.0,86,71.0,3,84.0,116647
EMP1198,Data,4.0,11,53.0,54,77.0,2,85.0,57355
EMP1199,DevOps,13.0,9,43.0,105,80.0,3,47.0,98805
EMP1200,QA,14.0,19,54.0,43,98.0,3,83.0,93367
EMP1201,Support,6.0,20,34.0,54,87.0,3,94.0,134906
EMP1202,Development,15.0,17,55.0,70,72.0,4,94.0,142409
EMP1203,Development,1.0,23,50.0,92,99.0,1,61.0,102355
EMP1204,DevOps,6.0,10,47.0,111,95.0,2,60.0,141220
EMP1205,Support,9.0,1,34.0,25,70.0,2,65.0,115349
EMP1206,Data,6.0,24,32.0,75,80.0,1,79.0,112173
EMP1207,Support,0.0,17,52.0,49,85.0,4,60.0,26996
EMP1208,DevOps,6.0,24,55.0,26,87.0,2,64.0,144999
EMP1209,DevOps,4.0,6,34.0,43,99.0,4,80.0,69387
EMP1210,Support,2.0,23,53.0,115,85.0,4,40.0,139965
EMP1211,DevOps,15.0,14,46.0,25,92.0,3,45.0,28089
EMP1212,Support,12.0,10,48.0,111,79.0,1,70.0,123827
EMP1213,QA,2.0,17,48.0,69,87.0,4,90.0,45659
EMP1214,Support,3.0,22,54.0,75,75.0,5,62.0,70178
EMP1215,Support,12.0,11,50.0,75,100.0,1,82.0,145053
EMP1216,DevOps,11.0,5,41.0,99,88.0,2,82.0,120965
EMP1217,DevOps,1.0,19,54.0,22,73.0,3,62.0,106268
EMP1218,Development,1.0,22,58.0,65,96.0,2,71.0,110042
EMP1219,Development,0.0,12,38.0,40,100.0,2,70.0,131471
EMP1220,QA,14.0,19,30.0,43,82.0,1,52.0,95726
EMP1221,Development,4.0,15,47.0,48,93.0,2,82.0,95111
EMP1222,Support,3.0,17,50.0,76,83.0,3,57.0,131031
EMP1223,DevOps,10.0,9,33.0,17,72.0,2,62.0,138682
EMP1224,Development,9.0,22,60.0,96,79.0,3,54.0,59565
EMP1225,Development,14.0,7,39.0,87,75.0,3,72.0,125435
EMP1226,QA,1.0,17,54.0,64,70.0,5,60.0,114242
EMP1227,QA,2.0,20,36.0,36,92.0,3,96.0,138204
EMP1228,Support,6.0,0,51.0,102,93.0,2,78.0,47884
EMP1229,DevOps,6.0,22,52.0,112,86.0,3,62.0,42199
EMP1230,QA,11.0,7,30.0,62,83.0,1,66.0,85038
EMP1231,Development,8.0,5,46.0,48,77.0,3,84.0,82786
EMP1232,DevOps,4.0,4,53.0,74,88.0,4,83.0,134636
EMP1233,DevOps,4.0,14,58.0,26,83.0,1,57.0,129970
EMP1234,Development,5.0,21,58.0,114,79.0,5,63.0,74294
EMP1235,QA,15.0,14,31.0,39,86.0,4,90.0,103015
EMP1236,Development,13.0,1,57.0,62,78.0,2,86.0,59178
EMP1237,DevOps,8.0,0,55.0,22,98.0,2,79.0,37665
EMP1238,Data,1.0,22,40.0,30,75.0,2,90.0,25534
EMP1239,Data,4.0,22,38.0,28,80.0,4,81.0,116828
EMP1240,Support,11.0,10,36.0,62,94.0,4,46.0,61132
EMP1241,Development,2.0,9,51.0,28,86.0,4,89.0,140720
EMP1243,Support,9.0,17,46.0,34,97.0,1,59.0,83754
EMP1244,Support,5.0,16,31.0,95,97.0,2,66.0,88580
EMP1245,Support,11.0,7,35.0,40,70.0,3,45.0,47469
EMP1246,DevOps,7.0,14,43.0,90,91.0,2,66.0,89016
EMP1247,Development,0.0,12,35.0,64,74.0,5,48.0,71233
EMP1248,DevOps,9.0,16,31.0,32,78.0,1,92.0,127804
EMP1249,Support,13.0,11,30.0,41,87.0,4,84.0,91708
EMP1250,Development,7.0,7,39.0,71,93.0,1,96.0,83232
EMP1251,DevOps,10.0,24,50.0,83,86.0,4,70.0,118450
EMP1252,DevOps,13.0,13,34.0,19,90.0,5,60.0,111437
EMP1253,Support,8.0,3,31.0,109,71.0,5,65.0,131311
EMP1254,Development,15.0,0,51.0,81,98.0,1,79.0,59409
EMP1255,Support,15.0,0,45.0,63,95.0,4,87.0,140159
EMP1256,Development,0.0,18,54.0,61,80.0,5,84.0,44324
EMP1257,Data,1.0,15,31.0,29,96.0,2,52.0,33738
EMP1258,QA,2.0,13,39.0,41,97.0,2,88.0,128030
EMP1259,QA,0.0,20,31.0,23,75.0,4,62.0,135093
EMP1260,QA,13.0,15,45.0,59,95.0,1,59.0,49054
EMP1261,Support,8.0,4,45.0,37,77.0,5,76.0,54709
EMP1263,Development,1.0,1,58.0,62,87.0,2,92.0,110643
EMP1264,DevOps,12.0,17,36.0,33,97.0,5,67.0,25363
EMP1265,Development,8.0,5,51.0,88,80.0,1,56.0,35358
EMP1266,DevOps,6.0,8,41.0,31,74.0,3,67.0,126613
EMP1267,Development,8.0,0,53.0,39,84.0,4,80.0,140233
EMP1268,Data,5.0,8,44.0,72,97.0,4,41.0,28240
EMP1269,DevOps,5.0,24,37.0,13,87.0,3,64.0,97201
EMP1270,Support,10.0,15,35.0,86,71.0,2,97.0,70689
EMP1271,Development,13.0,12,57.0,68,100.0,5,89.0,26936
EMP1272,Development,3.0,8,56.0,96,91.0,4,80.0,137272
EMP1273,DevOps,8.0,20,39.0,17,80.0,3,45.0,116074
EMP1274,Support,9.0,12,32.0,91,95.0,3,50.0,68965
EMP1275,Support,12.0,8,48.0,21,94.0,3,96.0,102534
EMP1276,Data,12.0,10,60.0,40,82.0,2,100.0,25882
EMP1277,Support,1.0,3,46.0,87,73.0,1,77.0,45224
EMP1278,Support,6.0,1,36.0,43,91.0,4,45.0,130227
EMP1279,Support,4.0,5,50.0,91,76.0,1,84.0,148750
EMP1280,QA,10.0,13,49.0,107,98.0,3,50.0,144299
EMP1281,Data,5.0,3,55.0,84,86.0,5,53.0,137012
EMP1282,Development,1.0,5,60.0,114,91.0,5,41.0,148745
EMP1283,DevOps,15.0,18,33.0,85,93.0,2,79.0,55825
EMP1284,Development,4.0,5,43.0,58,86.0,5,42.0,95740
EMP1285,Data,9.0,1,49.0,88,97.0,5,94.0,53885
EMP1286,DevOps,3.0,17,51.0,66,86.0,5,92.0,65056
EMP1287,Data,8.0,12,44.0,104,70.0,3,74.0,28203
EMP1288,Support,5.0,8,53.0,102,92.0,5,72.0,85241
EMP1289,DevOps,1.0,22,37.0,35,72.0,5,63.0,27244
EMP1290,Support,0.0,18,50.0,27,83.0,5,58.0,123322
EMP1291,Development,4.0,12,44.0,105,75.0,1,57.0,140329
EMP1292,Development,8.0,10,51.0,95,87.0,3,88.0,93619
EMP1293,DevOps,5.0,0,49.0,47,94.0,3,91.0,46584
EMP1294,DevOps,9.0,23,57.0,90,86.0,1,100.0,33521
EMP1295,Data,11.0,21,43.0,96,75.0,4,63.0,75017
EMP1296,Data,6.0,6,56.0,97,75.0,3,84.0,58541
EMP1297,Support,4.0,24,58.0,59,90.0,3,74.0,54063
EMP1298,DevOps,9.0,20,38.0,17,85.0,4,40.0,95268
EMP1299,Development,5.0,14,37.0,50,98.0,4,75.0,143206
EMP1300,Data,4.0,12,55.0,15,74.0,4,64.0,89952
EMP1301,Data,10.0,11,57.0,78,86.0,2,84.0,118054
EMP1302,Development,8.0,6,55.0,53,79.0,5,88.0,64563
EMP1303,Data,14.0,14,45.0,73,97.0,3,99.0,64752
EMP1304,Support,5.0,20,60.0,38,90.0,5,82.0,120233
EMP1305,DevOps,10.0,18,31.0,37,87.0,5,73.0,27567
EMP1306,Development,7.0,12,54.0,20,76.0,4,64.0,41121
EMP1307,DevOps,1.0,0,53.0,74,72.0,2,55.0,26674
EMP1308,Data,11.0,16,59.0,116,82.0,1,73.0,101411
EMP1309,Data,12.0,16,32.0,28,84.0,2,68.0,134876
EMP1310,Development,8.0,2,37.0,18,89.0,5,58.0,91275
EMP1311,Support,4.0,11,41.0,36,88.0,2,62.0,92081
EMP1312,QA,6.0,5,30.0,43,72.0,4,58.0,54140
EMP1313,Development,9.0,10,39.0,53,73.0,1,64.0,34327
EMP1314,QA,12.0,2,49.0,77,74.0,4,55.0,95663
EMP1315,QA,0.0,7,32.0,109,70.0,1,93.0,48331
EMP1316,Support,8.0,13,35.0,91,73.0,5,90.0,48004
EMP1317,QA,4.0,13,36.0,24,81.0,1,48.0,132369
EMP1319,Support,13.0,1,52.0,22,96.0,1,81.0,35492
EMP1320,QA,9.0,13,54.0,92,93.0,2,58.0,79797
EMP1321,QA,13.0,8,56.0,58,79.0,2,72.0,83095
EMP1322,QA,15.0,2,47.0,79,92.0,5,73.0,38749
EMP1323,Development,1.0,20,40.0,65,94.0,1,55.0,88217
EMP1324,Development,11.0,7,48.0,85,90.0,3,83.0,114044
EMP1325,Development,5.0,15,34.0,60,98.0,5,79.0,34045
EMP1326,Support,10.0,1,48.0,46,100.0,1,94.0,45116
EMP1327,Data,0.0,5,40.0,26,95.0,1,57.0,43667
EMP1328,QA,2.0,20,53.0,67,89.0,2,73.0,100057
EMP1329,QA,4.0,24,41.0,96,93.0,5,64.0,99205
EMP1330,Support,3.0,11,39.0,99,94.0,1,100.0,52302
EMP1331,QA,2.0,4,37.0,38,82.0,1,84.0,36283
EMP1332,Development,9.0,1,53.0,42,92.0,5,45.0,55935
EMP1333,Data,12.0,15,57.0,69,83.0,3,60.0,97534
EMP1334,DevOps,4.0,4,57.0,100,92.0,5,97.0,119342
EMP1335,QA,10.0,14,38.0,98,74.0,5,45.0,56624
EMP1336,Development,7.0,11,33.0,64,73.0,3,71.0,38440
EMP1337,DevOps,10.0,3,34.0,19,83.0,5,80.0,136001
EMP1338,Data,15.0,14,50.0,56,79.0,1,87.0,71501
EMP1339,DevOps,3.0,10,37.0,32,86.0,5,82.0,112333
EMP1340,Development,0.0,15,52.0,94,79.0,3,70.0,26269
EMP1341,DevOps,10.0,22,38.0,30,95.0,4,70.0,32868
EMP1342,Support,6.0,5,44.0,116,76.0,5,81.0,55251
EMP1343,DevOps,7.0,13,44.0,22,85.0,2,49.0,102909
EMP1344,QA,2.0,17,45.0,110,70.0,1,69.0,109523
EMP1346,Support,1.0,10,37.0,33,90.0,2,91.0,40734
EMP1347,Development,6.0,12,47.0,117,98.0,2,57.0,67429
EMP1348,QA,14.0,20,39.0,20,78.0,5,99.0,66337
EMP1349,Data,7.0,22,57.0,26,75.0,2,63.0,65325
EMP1350,QA,5.0,10,49.0,77,88.0,4,91.0,108600
EMP1351,QA,5.0,22,35.0,56,82.0,3,100.0,87514
EMP1352,Development,4.0,15,41.0,34,72.0,2,48.0,33433
EMP1353,DevOps,7.0,14,31.0,103,76.0,2,70.0,138957
EMP1354,QA,0.0,20,36.0,82,91.0,4,54.0,34111
EMP1355,Support,9.0,14,45.0,30,78.0,1,43.0,128986
EMP1356,DevOps,3.0,24,32.0,93,91.0,1,79.0,88753
EMP1357,Data,14.0,3,42.0,92,74.0,5,48.0,138783
EMP1358,Development,3.0,10,32.0,92,79.0,4,70.0,105583
EMP1359,Data,2.0,18,56.0,21,92.0,3,48.0,98620
EMP1360,DevOps,2.0,14,47.0,46,86.0,3,65.0,46751
EMP1361,DevOps,3.0,3,40.0,51,81.0,3,43.0,41453
EMP1362,DevOps,10.0,20,37.0,26,92.0,3,56.0,110844
EMP1363,Data,0.0,12,35.0,110,85.0,1,55.0,63968
EMP1364,DevOps,13.0,21,30.0,57,72.0,3,54.0,55077
EMP1365,Data,10.0,18,57.0,112,99.0,3,74.0,133582
EMP1366,DevOps,12.0,1,30.0,37,94.0,4,96.0,59775
EMP1367,Support,10.0,13,52.0,50,100.0,4,91.0,83144
EMP1369,Data,8.0,15,34.0,56,78.0,2,94.0,71097
EMP1370,QA,9.0,20,57.0,27,98.0,4,44.0,49503
EMP1371,DevOps,1.0,19,45.0,87,84.0,5,59.0,27779
EMP1372,QA,4.0,12,40.0,108,74.0,5,54.0,111840
EMP1373,Support,8.0,14,34.0,117,92.0,1,57.0,25755
EMP1375,Support,7.0,7,59.0,80,83.0,2,41.0,133491
EMP1376,DevOps,0.0,15,35.0,114,89.0,1,68.0,80087
EMP1377,QA,0.0,9,43.0,22,84.0,3,52.0,67281
EMP1378,QA,8.0,3,51.0,91,85.0,4,43.0,76482
EMP1379,Data,12.0,17,48.0,110,92.0,3,81.0,79857
EMP1380,QA,10.0,1,38.0,22,82.0,2,84.0,147989
EMP1381,Data,7.0,16,41.0,109,86.0,5,49.0,42400
EMP1382,Development,9.0,12,40.0,40,92.0,4,100.0,65115
EMP1383,DevOps,8.0,3,43.0,11,77.0,3,70.0,39249
EMP1384,Data,6.0,24,52.0,25,90.0,4,80.0,138183
EMP1385,Development,2.0,10,45.0,18,71.0,4,47.0,71825
EMP1386,QA,2.0,6,30.0,82,74.0,5,42.0,135361
EMP1387,QA,1.0,11,60.0,47,75.0,2,87.0,49600
EMP1388,Development,4.0,9,42.0,84,81.0,4,85.0,62706
EMP1389,QA,11.0,6,52.0,63,87.0,5,48.0,44222
EMP1390,Development,11.0,12,50.0,65,99.0,2,69.0,124041
EMP1391,Data,2.0,6,50.0,95,91.0,3,92.0,129504
EMP1392,Data,13.0,23,59.0,106,91.0,3,50.0,66139
EMP1393,Development,5.0,16,42.0,109,70.0,1,74.0,139919
EMP1394,Data,1.0,9,31.0,118,99.0,5,76.0,141605
EMP1395,Data,11.0,9,33.0,96,86.0,2,100.0,66302
EMP1396,Data,2.0,23,57.0,54,99.0,4,81.0,119684
EMP1397,Support,4.0,3,45.0,118,80.0,3,52.0,112838
EMP1398,DevOps,11.0,19,55.0,43,86.0,2,75.0,93159
EMP1399,QA,10.0,3,60.0,18,88.0,5,95.0,33646
EMP1400,Support,10.0,21,56.0,97,83.0,1,52.0,38543
EMP1401,Data,0.0,6,52.0,17,95.0,3,51.0,119496
EMP1402,Development,12.0,21,56.0,16,79.0,2,76.0,47785
EMP1403,Data,0.0,0,34.0,45,84.0,2,49.0,103353
EMP1404,DevOps,9.0,11,54.0,27,97.0,2,99.0,56406
EMP1405,Data,8.0,23,32.0,12,88.0,5,95.0,113992
EMP1406,Development,6.0,12,30.0,37,73.0,5,48.0,76428
EMP1407,DevOps,0.0,9,33.0,79,71.0,5,91.0,48777
EMP1408,Data,14.0,14,54.0,117,78.0,4,46.0,82939
EMP1409,DevOps,11.0,12,49.0,53,79.0,2,41.0,78026
EMP1410,QA,13.0,22,31.0,30,97.0,3,93.0,111450
EMP1411,QA,15.0,21,55.0,37,80.0,5,95.0,54553
EMP1412,Data,7.0,21,59.0,113,83.0,5,99.0,48548
EMP1413,DevOps,2.0,20,59.0,63,76.0,2,62.0,88221
EMP1414,Development,7.0,21,34.0,63,92.0,5,78.0,62265
EMP1415,Data,14.0,8,32.0,74,84.0,4,79.0,65701
EMP1416,QA,4.0,8,58.0,109,91.0,4,78.0,76287
EMP1417,QA,0.0,14,57.0,30,100.0,5,60.0,31727
EMP1418,Data,6.0,9,58.0,116,88.0,2,70.0,135460
EMP1419,DevOps,4.0,23,38.0,108,91.0,2,68.0,75717
EMP1420,QA,5.0,24,49.0,22,84.0,2,53.0,57427
EMP1421,DevOps,15.0,9,35.0,66,99.0,1,65.0,41692
EMP1422,QA,5.0,7,47.0,58,97.0,5,90.0,56625
EMP1423,QA,7.0,23,35.0,63,93.0,2,44.0,49918
EMP1424,Support,8.0,15,48.0,19,77.0,4,94.0,131931
EMP1425,QA,1.0,16,57.0,62,80.0,3,70.0,66136
EMP1426,Development,8.0,4,41.0,53,98.0,3,64.0,139826
EMP1427,Data,8.0,3,54.0,56,78.0,2,70.0,139881
EMP1428,Data,14.0,17,40.0,62,84.0,3,89.0,77409
EMP1429,DevOps,10.0,23,31.0,83,70.0,3,59.0,40577
EMP1430,QA,9.0,18,44.0,55,99.0,1,83.0,110155
EMP1431,Development,8.0,3,41.0,22,70.0,4,94.0,136776
EMP1432,DevOps,12.0,6,41.0,46,88.0,4,56.0,124246
EMP1434,DevOps,14.0,24,50.0,33,79.0,1,41.0,145408
EMP1435,DevOps,15.0,17,53.0,11,77.0,3,64.0,106731
EMP1436,QA,9.0,18,31.0,95,84.0,5,52.0,52689
EMP1437,Support,15.0,3,51.0,90,79.0,3,97.0,36154
EMP1438,DevOps,6.0,9,32.0,109,70.0,1,78.0,129657
EMP1439,Development,0.0,0,41.0,23,98.0,4,67.0,119948
EMP1440,Development,6.0,22,57.0,19,87.0,3,81.0,46341
EMP1441,Data,9.0,17,59.0,44,71.0,5,94.0,122554
EMP1442,Support,4.0,4,55.0,34,88.0,3,45.0,99681
EMP1443,Support,5.0,14,45.0,12,82.0,2,42.0,132798
EMP1444,Data,9.0,16,50.0,111,91.0,3,97.0,71330
EMP1445,DevOps,6.0,2,57.0,26,86.0,1,74.0,143069
EMP1447,Development,14.0,1,55.0,63,98.0,4,50.0,93416
EMP1448,Development,4.0,0,59.0,33,85.0,1,93.0,111807
EMP1449,QA,6.0,22,30.0,38,84.0,2,59.0,58313
EMP1450,Support,8.0,20,50.0,52,86.0,1,44.0,71900
EMP1451,DevOps,2.0,16,32.0,34,85.0,3,58.0,103840
EMP1453,Data,7.0,15,31.0,69,90.0,1,98.0,55225
EMP1454,DevOps,1.0,4,38.0,99,98.0,2,99.0,111072
EMP1455,QA,10.0,14,48.0,111,98.0,3,58.0,121367
EMP1456,Data,6.0,2,44.0,74,76.0,5,86.0,74156
EMP1457,Support,12.0,6,47.0,93,93.0,5,55.0,102209
EMP1458,QA,1.0,10,55.0,37,95.0,4,63.0,112453
EMP1459,Support,14.0,9,40.0,25,86.0,1,80.0,52829
EMP1460,Development,13.0,8,54.0,56,76.0,4,43.0,105908
EMP1461,QA,3.0,13,52.0,90,82.0,2,54.0,50938
EMP1462,Data,6.0,12,45.0,113,74.0,5,64.0,84164
EMP1463,QA,2.0,24,51.0,101,95.0,1,83.0,79530
EMP1464,QA,1.0,24,46.0,67,86.0,2,94.0,145921
EMP1465,QA,10.0,1,34.0,85,72.0,2,74.0,93199
EMP1466,QA,9.0,2,41.0,36,76.0,1,94.0,85282
EMP1467,Support,6.0,6,40.0,62,95.0,2,53.0,72801
EMP1468,Development,0.0,20,59.0,51,86.0,1,88.0,34465
EMP1469,DevOps,13.0,17,44.0,68,76.0,1,58.0,28326
EMP1470,QA,14.0,2,56.0,56,90.0,3,77.0,28659
EMP1471,Data,7.0,9,32.0,103,70.0,4,75.0,85289
EMP1473,Data,11.0,6,49.0,43,99.0,2,69.0,140819
EMP1474,Support,11.0,8,58.0,46,86.0,3,58.0,29763
EMP1475,Data,12.0,16,45.0,15,80.0,3,88.0,113657
EMP1476,DevOps,1.0,10,31.0,16,94.0,3,64.0,35828
EMP1477,Development,2.0,6,31.0,105,96.0,5,55.0,72588
EMP1478,Data,4.0,23,32.0,105,98.0,5,86.0,36221
EMP1479,Data,10.0,13,37.0,34,72.0,5,93.0,36211
EMP1480,Development,7.0,18,53.0,42,84.0,1,79.0,38569
EMP1481,DevOps,9.0,3,57.0,64,98.0,2,90.0,121894
EMP1482,QA,6.0,5,44.0,67,90.0,4,47.0,62860
EMP1483,Data,6.0,9,36.0,16,86.0,1,57.0,96558
EMP1484,Development,11.0,6,35.0,66,95.0,2,67.0,70337
EMP1485,Support,6.0,12,38.0,21,97.0,2,55.0,77311
EMP1486,Development,14.0,13,49.0,25,85.0,3,91.0,38515
EMP1487,Support,7.0,12,57.0,89,94.0,3,58.0,96695
EMP1488,DevOps,0.0,7,45.0,52,91.0,1,81.0,147006
EMP1489,QA,3.0,4,37.0,109,97.0,3,56.0,136527
EMP1490,Development,12.0,0,52.0,86,78.0,2,84.0,131749
EMP1491,Data,5.0,3,52.0,16,93.0,3,52.0,112227
EMP1492,DevOps,8.0,2,60.0,109,93.0,5,46.0,49904
EMP1493,Development,12.0,8,32.0,60,70.0,3,66.0,84935
EMP1494,Data,1.0,7,33.0,82,98.0,2,49.0,68790
EMP1495,Development,0.0,0,55.0,41,94.0,1,73.0,93580
EMP1497,Development,12.0,12,44.0,17,85.0,3,64.0,30636
EMP1498,Development,8.0,6,35.0,106,78.0,2,70.0,102129
EMP1499,Development,11.0,3,45.0,96,88.0,4,63.0,139483
EMP1500,DevOps,13.0,12,60.0,98,81.0,4,57.0,27892
EMP1501,Development,1.0,16,50.0,81,88.0,5,62.0,46672
EMP1503,Support,2.0,4,54.0,95,86.0,2,68.0,121621
EMP1504,Support,9.0,11,50.0,68,76.0,2,64.0,25654
EMP1505,Development,1.0,20,50.0,13,83.0,3,94.0,79633
EMP1506,DevOps,13.0,12,43.0,113,98.0,3,56.0,42143
EMP1508,Data,6.0,7,43.0,38,88.0,4,63.0,92334
EMP1509,Development,12.0,17,33.0,114,71.0,4,50.0,128463
EMP1510,Support,12.0,2,41.0,38,78.0,5,65.0,54087
EMP1511,DevOps,1.0,21,46.0,107,82.0,3,90.0,36618
EMP1512,Development,15.0,11,36.0,107,84.0,1,73.0,33446
EMP1513,DevOps,15.0,2,38.0,37,72.0,5,67.0,112182
EMP1514,DevOps,2.0,21,32.0,86,80.0,1,42.0,127127
EMP1515,Support,10.0,5,57.0,88,90.0,4,50.0,73867
EMP1516,QA,6.0,1,42.0,96,83.0,5,77.0,76028
EMP1517,Data,13.0,22,44.0,53,99.0,5,100.0,85101
EMP1518,Data,3.0,12,47.0,99,94.0,2,53.0,52200
EMP1519,Support,8.0,1,48.0,13,77.0,4,90.0,120107
EMP1520,DevOps,13.0,5,30.0,99,87.0,4,65.0,113074
EMP1521,Development,0.0,16,35.0,113,88.0,5,87.0,131091
EMP1522,DevOps,12.0,2,56.0,18,85.0,4,60.0,86465
EMP1523,Support,13.0,1,56.0,14,71.0,5,93.0,134500
EMP1524,Data,4.0,22,52.0,65,77.0,2,95.0,111436
EMP1525,DevOps,11.0,12,56.0,105,91.0,3,78.0,143422
EMP1526,Data,8.0,7,56.0,93,75.0,4,69.0,149124
EMP1527,Development,15.0,21,31.0,59,81.0,4,98.0,112892
EMP1528,Data,7.0,11,53.0,84,84.0,5,47.0,113559
EMP1529,Data,11.0,3,43.0,24,94.0,5,90.0,145044
EMP1530,QA,14.0,4,35.0,41,77.0,5,59.0,64148
EMP1531,QA,8.0,12,43.0,37,73.0,3,87.0,107928
EMP1532,QA,9.0,14,33.0,31,84.0,4,71.0,45698
EMP1533,Data,13.0,24,50.0,114,97.0,4,61.0,67470
EMP1534,Support,8.0,22,37.0,26,89.0,3,70.0,117071
EMP1535,Data,14.0,15,59.0,68,94.0,5,46.0,76660
EMP1536,Support,6.0,9,32.0,99,86.0,2,48.0,78910
EMP1537,Support,3.0,24,48.0,117,82.0,5,84.0,60450
EMP1538,QA,4.0,22,59.0,80,87.0,5,40.0,81463
EMP1539,DevOps,0.0,15,60.0,115,71.0,3,68.0,58757
EMP1540,Development,13.0,11,43.0,66,82.0,4,47.0,103012
EMP1541,QA,0.0,16,56.0,35,82.0,5,95.0,131750
EMP1542,QA,2.0,15,49.0,34,91.0,4,93.0,95247
EMP1543,DevOps,12.0,12,46.0,19,84.0,1,43.0,97015
EMP1544,Development,13.0,7,54.0,54,89.0,4,74.0,56390
EMP1545,Data,7.0,19,37.0,92,98.0,2,98.0,81116
EMP1546,Data,13.0,2,45.0,20,96.0,2,42.0,38161
EMP1547,QA,1.0,15,43.0,86,79.0,5,93.0,57152
EMP1548,Development,3.0,12,45.0,62,98.0,4,84.0,105171
EMP1549,QA,1.0,22,35.0,81,72.0,5,79.0,131379
EMP1550,Support,13.0,18,52.0,113,88.0,3,46.0,120833
EMP1551,QA,4.0,7,51.0,77,72.0,2,66.0,45836
EMP1552,QA,8.0,21,45.0,104,91.0,5,40.0,115367
EMP1553,Data,15.0,4,54.0,37,83.0,3,70.0,91543
EMP1554,Data,0.0,19,48.0,84,77.0,5,55.0,80648
EMP1555,Data,4.0,7,43.0,116,96.0,4,77.0,51331
EMP1556,Support,13.0,23,48.0,74,92.0,4,46.0,130992
EMP1557,Data,14.0,11,32.0,58,99.0,4,83.0,35763
EMP1558,Development,8.0,0,39.0,56,73.0,4,62.0,94444
EMP1559,DevOps,14.0,24,48.0,61,96.0,3,80.0,118109
EMP1560,Development,0.0,20,38.0,111,97.0,3,98.0,44187
EMP1561,Development,8.0,19,57.0,97,89.0,3,50.0,36957
EMP1562,Data,7.0,5,49.0,63,80.0,4,81.0,29379
EMP1563,DevOps,8.0,12,42.0,69,95.0,1,92.0,52959
EMP1564,DevOps,11.0,17,36.0,66,100.0,4,72.0,107018
EMP1565,DevOps,10.0,7,43.0,56,80.0,1,89.0,148076
EMP1566,Support,9.0,6,60.0,40,96.0,4,75.0,52105
EMP1567,Data,4.0,0,38.0,114,99.0,2,76.0,25877
EMP1568,DevOps,12.0,20,56.0,55,80.0,2,80.0,73353
EMP1569,Support,4.0,15,57.0,35,71.0,5,98.0,108788
EMP1570,QA,10.0,11,52.0,14,99.0,4,56.0,121870
EMP1571,QA,11.0,5,54.0,93,86.0,3,74.0,109585
EMP1572,Support,5.0,19,57.0,61,78.0,5,87.0,108308
EMP1573,Support,6.0,1,48.0,114,97.0,2,44.0,76567
EMP1574,Data,7.0,13,44.0,84,86.0,4,87.0,82913
EMP1575,Data,14.0,3,49.0,63,97.0,5,71.0,27637
EMP1576,QA,13.0,0,43.0,42,71.0,4,42.0,97778
EMP1577,DevOps,7.0,12,53.0,59,98.0,2,91.0,67025
EMP1578,QA,10.0,17,35.0,47,93.0,5,86.0,131917
EMP1579,DevOps,13.0,12,50.0,36,84.0,2,74.0,126187
EMP1580,DevOps,12.0,1,58.0,107,85.0,1,91.0,124508
EMP1581,Data,1.0,8,33.0,24,94.0,2,53.0,107464
EMP1582,Development,8.0,20,37.0,105,73.0,4,87.0,53742
EMP1583,Development,6.0,1,46.0,70,77.0,3,100.0,36831
EMP1584,Support,3.0,24,59.0,30,78.0,3,100.0,138768
EMP1585,Data,3.0,8,38.0,55,95.0,3,70.0,140911
EMP1586,DevOps,10.0,0,30.0,78,95.0,1,70.0,110092
EMP1587,Development,7.0,10,53.0,15,74.0,5,56.0,115879
EMP1588,DevOps,3.0,2,49.0,47,85.0,5,70.0,113370
EMP1590,Development,14.0,22,43.0,95,99.0,5,91.0,129824
EMP1591,Development,5.0,3,40.0,71,76.0,2,62.0,123958
EMP1592,Data,4.0,17,50.0,91,95.0,3,57.0,113741
EMP1593,QA,2.0,12,32.0,87,89.0,4,89.0,43830
EMP1594,DevOps,12.0,5,38.0,83,86.0,2,93.0,80044
EMP1595,Data,13.0,2,56.0,55,72.0,2,53.0,98948
EMP1596,Data,9.0,21,43.0,22,74.0,2,89.0,94202
EMP1597,Data,10.0,10,59.0,104,88.0,4,54.0,62045
EMP1599,Data,8.0,21,33.0,12,98.0,5,45.0,142257
EMP1601,DevOps,8.0,19,33.0,15,76.0,1,54.0,132509
EMP1602,Data,0.0,9,57.0,102,97.0,3,89.0,51627
EMP1603,DevOps,9.0,11,37.0,17,78.0,5,75.0,40198
EMP1604,Support,2.0,14,45.0,53,100.0,4,94.0,94521
EMP1605,Support,7.0,16,38.0,118,97.0,2,47.0,136439
EMP1606,DevOps,5.0,9,58.0,116,75.0,2,54.0,131471
EMP1607,Development,4.0,5,43.0,117,98.0,4,42.0,54475
EMP1608,QA,4.0,17,51.0,42,95.0,1,86.0,130752
EMP1609,Development,5.0,12,38.0,90,86.0,1,52.0,143998
EMP1610,Development,14.0,2,53.0,84,85.0,3,80.0,44403
EMP1611,Development,6.0,23,60.0,86,92.0,4,73.0,28681
EMP1612,Data,0.0,9,60.0,59,100.0,1,63.0,116555
EMP1613,Support,8.0,13,52.0,20,72.0,4,79.0,143884
EMP1614,Development,2.0,5,45.0,104,90.0,5,71.0,118122
EMP1615,Support,3.0,2,58.0,37,95.0,2,100.0,140260
EMP1616,DevOps,9.0,15,59.0,117,73.0,2,71.0,67292
EMP1617,QA,0.0,6,46.0,79,79.0,2,69.0,128057
EMP1618,DevOps,12.0,19,45.0,50,86.0,4,91.0,130386
EMP1619,DevOps,10.0,13,59.0,25,90.0,4,88.0,127306
EMP1620,Data,9.0,12,41.0,77,91.0,3,52.0,30629
EMP1621,QA,2.0,14,32.0,108,99.0,2,40.0,118246
EMP1622,DevOps,1.0,20,40.0,57,79.0,3,73.0,120864
EMP1623,DevOps,1.0,2,43.0,65,81.0,2,54.0,102814
EMP1624,QA,13.0,1,47.0,73,79.0,3,83.0,33417
EMP1625,QA,0.0,1,50.0,68,98.0,3,53.0,143888
EMP1626,DevOps,7.0,2,60.0,99,82.0,5,96.0,59765
EMP1627,QA,2.0,17,50.0,71,80.0,3,68.0,99499
EMP1628,DevOps,15.0,13,34.0,85,91.0,3,73.0,139088
EMP1629,DevOps,2.0,19,45.0,20,85.0,3,57.0,81574
EMP1630,Data,5.0,17,49.0,110,77.0,2,93.0,127828
EMP1631,Development,12.0,9,34.0,98,77.0,3,46.0,115545
EMP1632,DevOps,7.0,24,32.0,27,96.0,1,68.0,52675
EMP1633,Support,12.0,1,41.0,28,94.0,2,94.0,126711
EMP1634,Development,14.0,24,30.0,96,77.0,1,70.0,97267
EMP1635,Development,8.0,21,50.0,64,82.0,2,100.0,65563
EMP1636,Development,8.0,0,58.0,111,96.0,4,64.0,36332
EMP1637,Data,3.0,3,38.0,91,71.0,4,77.0,148745
EMP1638,DevOps,13.0,13,58.0,35,99.0,4,53.0,44177
EMP1639,Data,4.0,0,45.0,15,99.0,1,47.0,114254
EMP1640,DevOps,1.0,13,33.0,13,81.0,5,66.0,93447
EMP1641,Data,10.0,15,32.0,117,79.0,2,93.0,82104
EMP1642,Data,8.0,21,46.0,38,81.0,4,41.0,109335
EMP1643,Support,7.0,13,31.0,68,80.0,2,56.0,139938
EMP1644,Data,2.0,19,53.0,107,84.0,1,76.0,105730
EMP1645,QA,10.0,2,30.0,26,85.0,5,53.0,29951
EMP1646,Support,11.0,2,37.0,116,86.0,1,64.0,131402
EMP1648,Development,8.0,5,52.0,89,71.0,5,69.0,46673
EMP1649,QA,2.0,24,44.0,75,87.0,5,68.0,139421
EMP1650,QA,8.0,12,37.0,43,81.0,1,59.0,65870
EMP1651,QA,1.0,20,45.0,17,88.0,4,60.0,146945
EMP1652,Support,11.0,12,51.0,22,95.0,2,100.0,96101
EMP1653,Data,9.0,7,41.0,115,92.0,3,92.0,47821
EMP1654,Data,8.0,20,43.0,17,87.0,3,61.0,50494
EMP1655,Development,14.0,1,44.0,103,99.0,1,74.0,124477
EMP1656,Development,7.0,3,44.0,105,86.0,2,76.0,99160
EMP1657,QA,8.0,24,38.0,109,99.0,2,55.0,137698
EMP1658,Development,4.0,14,48.0,103,75.0,1,89.0,136560
EMP1659,Support,10.0,3,55.0,74,94.0,2,97.0,25835
EMP1660,Data,10.0,12,49.0,52,84.0,4,88.0,43646
EMP1661,QA,1.0,12,58.0,48,72.0,1,82.0,148777
EMP1662,Development,7.0,12,51.0,90,75.0,4,56.0,102360
EMP1663,Support,11.0,13,37.0,68,72.0,2,55.0,62335
EMP1664,Support,14.0,19,50.0,93,99.0,1,70.0,94351
EMP1665,Development,8.0,17,48.0,97,98.0,2,94.0,139934
EMP1666,Data,7.0,5,35.0,95,70.0,1,41.0,27429
EMP1667,Development,10.0,10,49.0,102,99.0,2,43.0,66950
EMP1668,QA,4.0,1,54.0,95,82.0,4,60.0,85654
EMP1669,Development,15.0,22,58.0,53,97.0,4,78.0,132422
EMP1670,Support,9.0,18,48.0,18,90.0,3,73.0,134934
EMP1671,Development,1.0,18,33.0,46,95.0,1,69.0,144975
EMP1672,Data,5.0,4,52.0,83,83.0,3,45.0,93143
EMP1673,DevOps,4.0,18,36.0,45,82.0,4,56.0,116186
EMP1674,Development,11.0,1,57.0,110,96.0,4,78.0,129234
EMP1675,Data,15.0,9,57.0,101,73.0,3,64.0,122889
EMP1676,Data,12.0,24,33.0,37,76.0,2,44.0,127326
EMP1677,Support,11.0,1,51.0,51,91.0,1,44.0,102527
EMP1678,Data,4.0,10,41.0,52,79.0,2,59.0,111704
EMP1679,Data,12.0,17,42.0,94,76.0,5,55.0,56099
EMP1680,Data,0.0,23,32.0,97,90.0,3,90.0,64385
EMP1681,Data,1.0,14,51.0,51,84.0,5,80.0,60919
EMP1682,QA,7.0,8,41.0,113,84.0,4,76.0,121952
EMP1683,QA,12.0,22,31.0,75,73.0,4,79.0,85782
EMP1684,Support,15.0,18,53.0,64,92.0,5,48.0,96116
EMP1685,Development,13.0,8,31.0,81,92.0,5,44.0,97590
EMP1686,Data,12.0,2,56.0,57,75.0,2,81.0,114626
EMP1687,Development,2.0,20,52.0,100,93.0,5,96.0,65387
EMP1688,Development,9.0,8,38.0,31,89.0,2,41.0,40823
EMP1689,Support,2.0,13,30.0,110,95.0,2,48.0,71015
EMP1690,Data,7.0,18,37.0,36,74.0,2,82.0,127877
EMP1691,Data,7.0,6,52.0,102,89.0,4,75.0,40339
EMP1692,DevOps,1.0,15,35.0,76,81.0,4,61.0,28491
EMP1693,Development,7.0,15,35.0,117,70.0,5,70.0,25706
EMP1694,Development,10.0,0,51.0,22,97.0,4,61.0,122493
EMP1695,QA,12.0,3,54.0,54,77.0,5,73.0,40728
EMP1696,DevOps,12.0,3,47.0,19,70.0,4,70.0,31997
EMP1697,QA,0.0,6,46.0,109,74.0,1,68.0,128537
EMP1698,QA,5.0,7,58.0,18,100.0,1,77.0,85408
EMP1699,QA,8.0,16,41.0,63,91.0,5,98.0,83097
EMP1700,Support,2.0,4,35.0,36,75.0,4,85.0,63523
EMP1701,Support,15.0,6,55.0,43,98.0,4,72.0,146648
EMP1703,DevOps,11.0,19,37.0,41,72.0,3,46.0,42718
EMP1704,Development,0.0,3,48.0,98,84.0,5,40.0,112508
EMP1705,DevOps,10.0,5,57.0,102,74.0,3,72.0,108767
EMP1706,Data,10.0,6,39.0,80,97.0,3,40.0,64619
EMP1707,Support,15.0,17,30.0,76,93.0,5,63.0,37126
EMP1708,Development,8.0,4,54.0,93,83.0,4,43.0,114131
EMP1709,Development,12.0,19,58.0,29,87.0,5,43.0,89926
EMP1710,Data,10.0,2,42.0,103,85.0,3,70.0,65633
EMP1711,Data,12.0,6,46.0,44,75.0,4,57.0,102654
EMP1712,QA,8.0,21,32.0,108,94.0,1,66.0,28317
EMP1713,Support,4.0,13,37.0,112,93.0,5,82.0,69980
EMP1714,Support,9.0,6,43.0,100,83.0,5,98.0,69115
EMP1715,DevOps,3.0,4,32.0,99,96.0,4,71.0,86646
EMP1716,QA,14.0,21,45.0,87,93.0,1,72.0,68158
EMP1717,QA,10.0,4,42.0,26,77.0,1,67.0,80963
EMP1718,QA,5.0,22,49.0,27,100.0,4,81.0,72631
EMP1719,QA,11.0,1,53.0,54,98.0,2,80.0,74316
EMP1720,Support,6.0,20,46.0,102,76.0,5,94.0,130364
EMP1721,Support,4.0,21,42.0,93,77.0,5,75.0,84342
EMP1722,QA,10.0,5,58.0,62,82.0,3,99.0,40504
EMP1723,DevOps,12.0,14,35.0,100,75.0,4,45.0,93593
EMP1724,Development,9.0,20,46.0,91,87.0,3,55.0,51660
EMP1725,Development,8.0,9,43.0,77,71.0,3,73.0,62196
EMP1726,DevOps,8.0,22,46.0,74,77.0,1,62.0,90938
EMP1727,QA,14.0,23,59.0,10,80.0,5,89.0,33605
EMP1728,Support,6.0,6,37.0,67,70.0,3,81.0,82388
EMP1729,Development,9.0,4,40.0,35,91.0,1,63.0,106297
EMP1730,Data,9.0,0,49.0,118,98.0,4,70.0,80501
EMP1731,Data,15.0,12,57.0,29,75.0,3,88.0,78309
EMP1732,DevOps,10.0,20,45.0,96,85.0,5,52.0,52043
EMP1733,QA,4.0,17,55.0,19,96.0,3,95.0,58635
EMP1734,Development,13.0,12,36.0,68,89.0,4,57.0,104315
EMP1735,QA,6.0,20,50.0,84,86.0,3,93.0,105691
EMP1736,Development,14.0,12,50.0,50,80.0,5,52.0,131514
EMP1737,DevOps,1.0,17,46.0,114,98.0,1,88.0,58132
EMP1738,DevOps,3.0,4,59.0,14,100.0,5,76.0,114387
EMP1739,Data,1.0,12,45.0,74,96.0,1,82.0,40366
EMP1740,QA,13.0,3,40.0,26,98.0,2,78.0,118944
EMP1741,Data,12.0,16,51.0,31,79.0,5,100.0,97107
EMP1742,QA,12.0,2,59.0,107,72.0,5,81.0,87580
EMP1743,Data,11.0,16,38.0,118,82.0,4,56.0,140267
EMP1744,Support,6.0,10,38.0,50,96.0,3,54.0,147362
EMP1745,Support,8.0,20,53.0,102,72.0,1,57.0,82889
EMP1746,Support,15.0,19,34.0,77,100.0,1,62.0,104553
EMP1747,Support,12.0,22,46.0,78,84.0,4,93.0,64236
EMP1748,Development,13.0,20,38.0,20,85.0,4,90.0,29150
EMP1749,Support,10.0,3,46.0,65,98.0,3,69.0,136369
EMP1750,DevOps,0.0,1,53.0,60,82.0,3,97.0,44423
EMP1751,DevOps,8.0,19,50.0,30,86.0,5,73.0,29137
EMP1752,Development,8.0,15,48.0,108,72.0,2,97.0,54992
EMP1753,Support,7.0,17,56.0,85,89.0,3,43.0,135540
EMP1754,Support,14.0,7,36.0,35,80.0,4,42.0,119438
EMP1755,Support,1.0,2,52.0,28,96.0,3,46.0,140140
EMP1756,Data,11.0,8,38.0,118,90.0,3,95.0,69921
EMP1757,QA,15.0,19,36.0,69,88.0,2,57.0,146225
EMP1758,Data,7.0,5,42.0,80,91.0,5,81.0,104369
EMP1759,QA,12.0,9,40.0,56,80.0,1,46.0,91917
EMP1760,Support,2.0,20,43.0,80,99.0,1,79.0,98690
EMP1761,Support,15.0,9,45.0,35,100.0,2,45.0,59235
EMP1762,Data,5.0,12,40.0,49,97.0,5,61.0,103975
EMP1763,Data,2.0,16,42.0,14,85.0,4,97.0,44122
EMP1764,QA,13.0,8,60.0,30,90.0,5,40.0,48956
EMP1765,DevOps,6.0,16,43.0,87,72.0,3,43.0,88879
EMP1766,QA,9.0,23,42.0,13,91.0,1,85.0,83560
EMP1767,Data,8.0,8,30.0,32,75.0,3,88.0,146435
EMP1768,Data,15.0,8,37.0,115,100.0,4,91.0,107800
EMP1769,Development,1.0,0,41.0,93,83.0,3,89.0,135310
EMP1770,Data,14.0,1,48.0,24,86.0,5,82.0,93685
EMP1771,Development,11.0,15,41.0,118,87.0,3,68.0,49660
EMP1772,DevOps,11.0,0,37.0,102,86.0,4,60.0,131196
EMP1773,QA,14.0,9,37.0,17,73.0,4,65.0,111064
EMP1774,QA,13.0,17,58.0,50,92.0,4,53.0,139440
EMP1775,Development,4.0,7,50.0,28,84.0,5,48.0,26168
EMP1776,QA,12.0,20,42.0,112,80.0,4,98.0,70124
EMP1777,Data,5.0,10,41.0,55,95.0,1,86.0,60897
EMP1778,Support,3.0,22,58.0,37,72.0,4,51.0,40032
EMP1779,Development,3.0,1,45.0,119,72.0,3,81.0,77797
EMP1780,QA,15.0,7,30.0,100,85.0,3,90.0,60294
EMP1781,Development,3.0,21,42.0,77,74.0,3,95.0,68827
EMP1782,Development,1.0,7,55.0,24,90.0,5,90.0,28516
EMP1783,Support,3.0,16,36.0,108,98.0,3,45.0,44751
EMP1784,Data,10.0,14,57.0,46,79.0,5,59.0,55373
EMP1785,Development,15.0,16,55.0,10,88.0,5,63.0,147026
EMP1786,QA,0.0,22,34.0,76,94.0,4,66.0,55270
EMP1787,DevOps,11.0,23,37.0,33,73.0,1,77.0,35386
EMP1788,Development,5.0,12,54.0,36,98.0,4,47.0,126859
EMP1789,Development,0.0,18,56.0,49,98.0,4,40.0,89817
EMP1790,Support,9.0,4,43.0,72,100.0,5,93.0,90184
EMP1791,Data,5.0,11,52.0,70,88.0,5,88.0,139316
EMP1792,DevOps,0.0,0,59.0,45,80.0,3,88.0,104693
EMP1793,QA,5.0,22,42.0,107,71.0,3,63.0,62879
EMP1794,DevOps,9.0,12,44.0,102,79.0,4,86.0,130056
EMP1795,QA,7.0,7,52.0,33,98.0,2,46.0,74597
EMP1796,Data,10.0,12,46.0,33,80.0,2,58.0,64132
EMP1797,QA,1.0,7,45.0,115,94.0,3,61.0,28626
EMP1798,Support,1.0,24,49.0,13,89.0,2,96.0,110936
EMP1799,Support,13.0,22,47.0,76,85.0,3,94.0,127179
EMP1800,Support,15.0,10,47.0,43,88.0,5,99.0,128801
EMP1801,Support,14.0,0,31.0,66,92.0,4,74.0,106515
EMP1802,DevOps,12.0,12,33.0,58,93.0,1,69.0,102065
EMP1803,Data,11.0,18,59.0,96,80.0,4,68.0,80390
EMP1804,QA,3.0,23,30.0,62,83.0,3,61.0,41645
EMP1805,QA,10.0,2,60.0,32,71.0,3,70.0,116960
EMP1806,Support,2.0,23,33.0,118,92.0,3,59.0,79144
EMP1807,Support,3.0,16,47.0,78,97.0,3,68.0,38382
EMP1808,Development,12.0,4,34.0,104,74.0,2,90.0,29025
EMP1809,Data,11.0,19,48.0,62,100.0,2,80.0,68226
EMP1811,QA,12.0,7,57.0,50,74.0,3,73.0,147971
EMP1812,Development,10.0,13,37.0,66,88.0,2,40.0,143910
EMP1813,Development,0.0,3,45.0,69,90.0,3,70.0,94711
EMP1814,QA,5.0,10,46.0,63,81.0,3,69.0,121055
EMP1815,DevOps,14.0,19,30.0,79,87.0,4,87.0,99710
EMP1816,Development,14.0,14,41.0,110,73.0,1,57.0,28443
EMP1817,Development,15.0,18,55.0,66,91.0,2,94.0,46395
EMP1819,DevOps,10.0,18,44.0,49,79.0,1,56.0,58461
EMP1820,Development,9.0,18,38.0,16,89.0,3,77.0,66115
EMP1821,DevOps,6.0,10,36.0,112,75.0,3,53.0,135084
EMP1822,QA,9.0,4,31.0,47,94.0,4,62.0,121887
EMP1823,Support,1.0,4,60.0,94,83.0,3,64.0,108732
EMP1824,Development,13.0,21,58.0,70,80.0,5,54.0,137145
EMP1825,Data,1.0,7,38.0,93,80.0,4,85.0,104790
EMP1826,QA,12.0,9,39.0,12,98.0,1,95.0,104557
EMP1827,DevOps,3.0,5,31.0,60,87.0,4,61.0,136672
EMP1828,QA,0.0,14,48.0,95,96.0,2,42.0,96260
EMP1829,Development,2.0,15,40.0,56,92.0,4,95.0,53690
EMP1830,DevOps,12.0,16,42.0,77,86.0,3,94.0,26407
EMP1831,Support,8.0,7,39.0,101,87.0,3,58.0,98568
EMP1832,QA,6.0,7,43.0,85,93.0,5,96.0,83560
EMP1833,Development,14.0,24,47.0,47,92.0,5,83.0,72340
EMP1834,Data,6.0,8,48.0,45,80.0,5,73.0,42794
EMP1835,DevOps,12.0,1,51.0,50,90.0,1,74.0,44881
EMP1836,QA,12.0,14,38.0,78,81.0,5,89.0,111292
EMP1837,QA,10.0,17,54.0,22,74.0,1,100.0,130698
EMP1838,Support,3.0,2,36.0,96,92.0,5,40.0,119952
EMP1839,Support,15.0,16,57.0,67,78.0,1,91.0,74703
EMP1840,Data,1.0,3,32.0,59,96.0,4,60.0,69354
EMP1841,Data,14.0,3,49.0,39,100.0,4,68.0,116288
EMP1842,Development,13.0,13,35.0,71,94.0,3,45.0,103462
EMP1843,Development,3.0,8,56.0,110,78.0,1,76.0,144020
EMP1844,Data,5.0,8,50.0,34,91.0,2,40.0,124301
EMP1845,Data,10.0,24,31.0,36,79.0,3,90.0,143764
EMP1846,DevOps,10.0,22,58.0,60,91.0,4,40.0,39390
EMP1847,Support,2.0,17,35.0,87,88.0,1,66.0,129403
EMP1848,Development,0.0,9,32.0,66,70.0,3,60.0,112475
EMP1849,Support,13.0,20,45.0,56,76.0,2,92.0,52307
EMP1850,Support,11.0,3,59.0,109,73.0,4,55.0,121364
EMP1851,Data,7.0,11,37.0,48,70.0,3,83.0,119049
EMP1852,DevOps,11.0,12,31.0,25,84.0,1,98.0,143740
EMP1853,QA,12.0,1,46.0,31,77.0,2,100.0,144991
EMP1854,DevOps,4.0,21,38.0,94,81.0,1,93.0,49502
EMP1855,DevOps,14.0,12,45.0,63,86.0,5,79.0,120599
EMP1856,Support,15.0,20,41.0,30,91.0,3,65.0,47486
EMP1857,DevOps,4.0,15,32.0,81,87.0,1,55.0,136813
EMP1858,Development,10.0,1,40.0,25,84.0,4,67.0,63258
EMP1859,Support,3.0,10,30.0,68,86.0,3,40.0,82716
EMP1860,Development,5.0,9,52.0,40,98.0,4,75.0,122228
EMP1861,QA,2.0,14,42.0,51,83.0,1,49.0,128920
EMP1862,Support,8.0,16,44.0,83,83.0,3,82.0,106494
EMP1863,QA,4.0,7,55.0,41,87.0,4,56.0,125552
EMP1864,Support,2.0,17,34.0,68,89.0,5,96.0,107768
EMP1865,Data,10.0,22,50.0,43,87.0,5,98.0,35748
EMP1866,DevOps,0.0,8,59.0,18,85.0,1,62.0,87785
EMP1867,Data,9.0,24,46.0,90,70.0,3,46.0,101050
EMP1869,DevOps,5.0,13,60.0,105,96.0,3,92.0,99231
EMP1870,Support,14.0,24,54.0,19,80.0,5,46.0,98606
EMP1871,DevOps,1.0,17,52.0,95,84.0,4,83.0,118301
EMP1872,Development,12.0,21,53.0,26,81.0,2,54.0,66662
EMP1873,DevOps,2.0,19,54.0,77,77.0,1,73.0,143313
EMP1875,DevOps,0.0,20,57.0,61,89.0,1,84.0,107234
EMP1876,Development,8.0,11,50.0,34,99.0,2,43.0,40123
EMP1877,QA,7.0,18,51.0,30,75.0,1,53.0,125680
EMP1878,Data,11.0,13,40.0,110,72.0,1,53.0,50616
EMP1879,Support,1.0,16,47.0,111,97.0,2,55.0,127682
EMP1880,DevOps,14.0,23,33.0,74,93.0,2,46.0,36182
EMP1881,Data,11.0,20,32.0,72,95.0,1,71.0,115369
EMP1882,Support,15.0,2,42.0,98,99.0,5,58.0,123878
EMP1883,Support,10.0,22,52.0,60,82.0,2,41.0,87013
EMP1884,Development,7.0,6,38.0,45,82.0,3,49.0,56331
EMP1885,QA,11.0,16,50.0,90,71.0,4,89.0,71098
EMP1886,QA,13.0,11,35.0,114,74.0,1,100.0,51128
EMP1887,Data,8.0,8,55.0,97,86.0,1,56.0,56556
EMP1888,QA,0.0,14,59.0,75,75.0,4,76.0,112505
EMP1890,QA,4.0,20,41.0,24,73.0,4,45.0,33949
EMP1891,Data,7.0,12,31.0,105,91.0,2,61.0,76962
EMP1892,QA,14.0,20,32.0,48,95.0,4,71.0,115054
EMP1893,DevOps,10.0,7,32.0,79,80.0,1,80.0,148984
EMP1895,Data,1.0,7,41.0,32,81.0,3,40.0,49099
EMP1896,Development,3.0,13,44.0,48,77.0,2,93.0,129871
EMP1897,Development,6.0,6,38.0,66,80.0,4,86.0,37716
EMP1898,Development,2.0,22,60.0,90,91.0,1,92.0,77611
EMP1899,Support,12.0,11,52.0,43,89.0,2,97.0,63885
EMP1900,Support,15.0,10,37.0,50,77.0,1,45.0,78144
EMP1901,Development,11.0,21,40.0,102,98.0,5,58.0,90220
EMP1902,Data,4.0,21,45.0,82,77.0,3,57.0,32837
EMP1903,DevOps,7.0,10,55.0,22,95.0,5,45.0,74355
EMP1904,DevOps,11.0,24,56.0,79,99.0,3,84.0,72299
EMP1905,QA,9.0,21,54.0,15,86.0,4,72.0,44159
EMP1906,Data,2.0,12,51.0,93,89.0,2,62.0,141680
EMP1907,Support,3.0,17,33.0,61,89.0,4,62.0,141931
EMP1908,Development,13.0,1,57.0,12,92.0,3,65.0,131802
EMP1909,QA,14.0,20,30.0,90,85.0,3,52.0,141375
EMP1910,DevOps,8.0,14,53.0,72,83.0,3,46.0,127413
EMP1911,Support,13.0,19,36.0,58,99.0,1,54.0,76012
EMP1912,Support,13.0,17,31.0,85,80.0,2,83.0,84305
EMP1913,Development,6.0,14,53.0,56,76.0,4,66.0,112096
EMP1914,DevOps,0.0,18,57.0,118,85.0,4,65.0,42106
EMP1915,Data,13.0,22,34.0,64,82.0,5,72.0,83123
EMP1916,Support,11.0,23,36.0,73,96.0,3,54.0,136825
EMP1917,Development,3.0,11,33.0,74,84.0,3,75.0,33720
EMP1918,Data,3.0,12,34.0,90,93.0,3,70.0,62661
EMP1919,DevOps,8.0,21,53.0,76,85.0,4,94.0,140031
EMP1920,Support,5.0,10,30.0,99,96.0,5,66.0,118898
EMP1921,Data,15.0,4,30.0,24,90.0,1,96.0,118794
EMP1922,Data,8.0,0,44.0,109,92.0,2,44.0,112318
EMP1923,Data,11.0,23,49.0,41,93.0,1,100.0,131704
EMP1924,Support,14.0,2,48.0,105,100.0,4,41.0,46120
EMP1925,Support,5.0,21,58.0,77,78.0,3,94.0,44790
EMP1926,QA,5.0,18,39.0,27,72.0,2,97.0,83655
EMP1927,DevOps,4.0,22,57.0,92,88.0,4,72.0,84643
EMP1928,Development,4.0,6,47.0,52,89.0,4,55.0,118448
EMP1930,QA,7.0,14,32.0,113,79.0,2,77.0,67907
EMP1931,Development,7.0,24,40.0,87,86.0,2,94.0,75071
EMP1932,QA,10.0,4,44.0,67,84.0,5,55.0,145507
EMP1933,Support,15.0,14,60.0,42,100.0,5,53.0,59812
EMP1934,Data,12.0,7,56.0,23,92.0,1,68.0,74570
EMP1935,Development,0.0,12,59.0,43,94.0,2,65.0,75901
EMP1936,Development,7.0,15,40.0,70,77.0,2,74.0,85186
EMP1937,Development,4.0,7,46.0,13,84.0,2,54.0,147066
EMP1938,Development,1.0,0,46.0,97,100.0,5,42.0,75251
EMP1939,Development,13.0,11,35.0,68,90.0,4,62.0,90171
EMP1940,QA,15.0,4,34.0,38,99.0,3,68.0,61160
EMP1941,Data,1.0,2,37.0,92,83.0,5,73.0,44156
EMP1942,Support,13.0,0,31.0,15,89.0,2,72.0,101208
EMP1943,Support,14.0,3,45.0,106,97.0,5,80.0,104980
EMP1944,Support,14.0,7,49.0,58,76.0,1,80.0,97320
EMP1945,Support,5.0,2,53.0,49,90.0,2,62.0,42929
EMP1946,QA,15.0,9,41.0,92,92.0,1,46.0,91606
EMP1947,DevOps,10.0,1,45.0,74,81.0,2,42.0,113442
EMP1948,Data,12.0,10,30.0,78,86.0,5,97.0,125154
EMP1949,Development,8.0,24,60.0,36,86.0,4,71.0,87559
EMP1950,DevOps,0.0,9,33.0,89,79.0,3,70.0,79205
EMP1951,Support,11.0,20,46.0,15,99.0,1,57.0,135694
EMP1952,DevOps,5.0,13,42.0,113,98.0,5,82.0,93475
EMP1953,Data,8.0,6,47.0,22,88.0,4,46.0,89341
EMP1954,Development,7.0,1,34.0,73,83.0,5,80.0,120377
EMP1955,Development,10.0,8,59.0,71,80.0,1,40.0,67863
EMP1956,Data,5.0,15,53.0,108,71.0,3,100.0,106837
EMP1957,Data,2.0,12,53.0,28,87.0,5,53.0,90439
EMP1958,Support,7.0,8,56.0,85,76.0,2,91.0,32194
EMP1959,Development,8.0,19,32.0,89,81.0,4,71.0,96387
EMP1960,DevOps,0.0,3,40.0,52,95.0,5,45.0,146361
EMP1961,QA,11.0,21,42.0,83,71.0,4,78.0,106914
EMP1962,QA,8.0,9,33.0,98,96.0,2,49.0,91214
EMP1963,Data,13.0,21,55.0,29,89.0,3,46.0,121176
EMP1964,Support,15.0,11,56.0,104,87.0,3,65.0,124292
EMP1965,QA,14.0,16,45.0,77,75.0,3,73.0,54777
EMP1966,Development,15.0,13,51.0,53,93.0,4,69.0,51183
EMP1967,Data,5.0,13,40.0,32,79.0,5,75.0,52445
EMP1969,Data,11.0,1,39.0,31,84.0,1,99.0,141477
EMP1970,DevOps,8.0,20,48.0,66,74.0,4,56.0,112201
EMP1972,Data,9.0,19,35.0,81,72.0,2,49.0,46411
EMP1973,Data,8.0,10,56.0,16,74.0,3,90.0,75577
EMP1974,DevOps,15.0,15,58.0,87,99.0,4,86.0,40867
EMP1975,DevOps,1.0,18,44.0,65,94.0,3,81.0,87501
EMP1976,Data,11.0,22,50.0,76,86.0,2,90.0,39266
EMP1977,QA,0.0,5,59.0,25,77.0,4,51.0,64422
EMP1978,Support,1.0,23,39.0,92,77.0,3,95.0,60208
EMP1979,Support,0.0,18,34.0,60,81.0,2,55.0,133538
EMP1980,Support,0.0,4,55.0,91,93.0,5,80.0,146544
EMP1981,DevOps,8.0,3,58.0,89,92.0,2,71.0,56213
EMP1982,DevOps,12.0,14,34.0,81,77.0,4,54.0,32367
EMP1983,QA,13.0,3,45.0,106,80.0,2,66.0,149158
EMP1984,Support,0.0,19,57.0,21,83.0,1,67.0,104026
EMP1985,Support,12.0,9,34.0,62,77.0,1,56.0,60362
EMP1986,Data,8.0,23,32.0,84,98.0,5,85.0,144377
EMP1987,DevOps,9.0,21,52.0,14,99.0,3,98.0,76588
EMP1988,Support,5.0,2,35.0,36,93.0,4,89.0,63285
EMP1989,QA,6.0,4,33.0,21,97.0,4,97.0,99755
EMP1990,QA,1.0,5,47.0,26,79.0,3,41.0,96846
EMP1991,Support,5.0,20,57.0,15,76.0,1,75.0,61307
EMP1992,DevOps,6.0,21,38.0,106,97.0,1,89.0,120167
EMP1993,QA,9.0,7,46.0,14,86.0,2,46.0,105280
EMP1994,Data,13.0,6,58.0,66,73.0,5,52.0,44867
EMP1995,QA,9.0,20,42.0,37,98.0,5,54.0,81523
EMP1996,Development,1.0,9,56.0,87,82.0,5,64.0,109161
EMP1997,Development,14.0,5,44.0,78,73.0,2,62.0,31378
EMP1998,DevOps,1.0,13,59.0,68,74.0,5,99.0,109685
EMP1999,Support,9.0,3,49.0,42,95.0,3,61.0,132669
